#{"t_start": 1686421269.187979, "env_id": "BreakoutNoFrameskip-v4"}
r,l,t
3.0,1089,7.321451
6.0,1742,14.475424
