#{"t_start": 1686220782.345432, "env_id": "BreakoutNoFrameskip-v4"}
r,l,t
0.0,509,6.723221
2.0,835,15.050053
0.0,507,19.888238
1.0,723,27.15259
0.0,514,32.316895
0.0,528,37.456066
