#{"t_start": 1685629502.819364, "env_id": "BreakoutNoFrameskip-v4"}
r,l,t
1.0,625,8.100631
1.0,646,14.622036
2.0,915,24.164859
2.0,897,33.526935
3.0,1075,45.122499
1.0,712,52.412418
0.0,517,57.622409
1.0,732,65.031046
0.0,512,70.23817
0.0,523,75.331627
0.0,520,80.489416
