#{"t_start": 1686430224.5003378, "env_id": "BreakoutNoFrameskip-v4"}
r,l,t
0.0,508,3.134696
1.0,728,5.107742
0.0,524,6.450058
0.0,527,7.832328
2.0,798,10.014583
0.0,528,11.350292
1.0,718,13.326917
3.0,1120,16.4126
1.0,625,18.105959
0.0,523,19.44848
11.0,1859,29.214275
96.0,5028,58.331264
349.0,7991,104.975421
339.0,9142,158.165673
96.0,5028,187.230692
56.0,5660,219.931279
56.0,5640,252.635927
349.0,7999,298.878484
