#{"t_start": 1686822816.4863229, "env_id": "BreakoutNoFrameskip-v4"}
r,l,t
0.0,508,2.965039
1.0,728,4.869013
0.0,524,6.17178
0.0,527,7.506327
2.0,798,9.641352
0.0,528,10.959723
1.0,718,12.883427
3.0,1120,15.931558
1.0,625,17.597888
0.0,523,18.925898
11.0,1859,28.956264
96.0,5028,59.371585
349.0,7991,108.721227
339.0,9142,164.902942
96.0,5028,195.044525
