#{"t_start": 1686430224.550758, "env_id": "BreakoutNoFrameskip-v4"}
r,l,t
2.0,810,4.03438
1.0,704,5.951906
0.0,537,7.344723
0.0,507,8.677241
1.0,706,10.558805
0.0,500,11.840699
0.0,508,13.189565
1.0,655,14.91872
0.0,511,16.239256
2.0,830,18.51307
1.0,632,20.18997
339.0,9146,73.532265
96.0,5020,102.715512
56.0,5664,135.417255
349.0,8007,181.922001
349.0,7999,228.37623
349.0,7999,274.732899
56.0,5652,307.278324
