#{"t_start": 1686421269.238554, "env_id": "BreakoutNoFrameskip-v4"}
r,l,t
8.0,1622,9.707391
0.0,563,11.836473
2.0,830,15.015595
