#{"t_start": 1685629502.872263, "env_id": "BreakoutNoFrameskip-v4"}
r,l,t
3.0,1082,13.401691
2.0,819,21.869112
1.0,713,29.170694
1.0,687,36.407777
2.0,830,45.038292
1.0,713,52.4182
1.0,627,58.988626
1.0,717,66.176833
0.0,503,71.304866
2.0,896,80.673896
