#{"t_start": 1686220782.395264, "env_id": "BreakoutNoFrameskip-v4"}
r,l,t
4.0,1199,14.357895
2.0,907,23.692674
4.0,1079,34.955771
