#{"t_start": 1686822816.536389, "env_id": "BreakoutNoFrameskip-v4"}
r,l,t
2.0,810,3.832393
1.0,704,5.68544
0.0,537,7.03502
0.0,507,8.3333
1.0,706,10.177605
0.0,500,11.442529
0.0,508,12.750619
1.0,655,14.469165
0.0,511,15.763083
2.0,830,17.994757
1.0,632,19.676241
339.0,9146,75.471566
96.0,5020,106.353501
56.0,5664,140.902197
349.0,8007,189.474687
