#{"t_start": 1686220782.842773, "env_id": "BreakoutNoFrameskip-v4"}
r,l,t
4.0,1197,13.862179
1.0,705,20.918455
0.0,521,26.129787
0.0,535,31.15643
0.0,534,36.242064
