#{"t_start": 1685629503.320267, "env_id": "BreakoutNoFrameskip-v4"}
r,l,t
2.0,902,10.781112
0.0,529,16.028841
3.0,1000,26.678635
0.0,543,31.932479
4.0,1312,45.965113
1.0,734,53.319136
0.0,543,58.628317
2.0,901,68.008326
3.0,1098,79.596028
