#{"t_start": 1686421269.693654, "env_id": "BreakoutNoFrameskip-v4"}
r,l,t
12.0,2006,10.833085
0.0,553,12.840878
0.0,538,15.029778
