#{"t_start": 1686822816.985454, "env_id": "BreakoutNoFrameskip-v4"}
r,l,t
10.0,1826,6.344229
1.0,705,8.189176
2.0,886,10.547197
1.0,640,12.179339
8.0,1502,16.343302
3.0,1049,19.212823
121.0,5869,54.50243
349.0,8007,103.897053
349.0,8007,152.931232
96.0,5012,183.206694
