#{"t_start": 1686430225.009353, "env_id": "BreakoutNoFrameskip-v4"}
r,l,t
10.0,1826,6.635775
1.0,705,8.534302
2.0,886,10.929587
1.0,640,12.60355
8.0,1502,16.831023
3.0,1049,19.71714
121.0,5869,53.704636
349.0,8007,100.347375
349.0,8007,146.799865
96.0,5012,175.865187
349.0,8011,222.290272
56.0,5644,254.991171
349.0,8007,301.228843
