#{"t_start": 1686220782.892444, "env_id": "BreakoutNoFrameskip-v4"}
r,l,t
0.0,519,6.330877
4.0,1131,18.051388
4.0,1228,30.992517
0.0,536,36.13864
