#{"t_start": 1685629503.371221, "env_id": "BreakoutNoFrameskip-v4"}
r,l,t
0.0,519,6.425406
4.0,1318,20.627939
0.0,532,25.72015
2.0,820,34.192224
0.0,510,39.386667
1.0,693,46.623666
1.0,628,53.017044
1.0,694,60.349634
3.0,999,71.104809
0.0,537,76.314126
1.0,633,82.753592
