#{"t_start": 1686822817.035674, "env_id": "BreakoutNoFrameskip-v4"}
r,l,t
2.0,810,3.321386
0.0,519,4.630801
2.0,824,6.792156
4.0,1096,9.750991
3.0,928,12.265542
0.0,509,13.610551
0.0,516,14.92207
3.0,1010,17.724404
47.0,5103,46.875388
349.0,8007,96.023397
349.0,7999,145.345208
96.0,5036,175.715914
