#{"t_start": 1686430225.060141, "env_id": "BreakoutNoFrameskip-v4"}
r,l,t
2.0,810,3.512816
0.0,519,4.869083
2.0,824,7.10002
4.0,1096,10.122698
3.0,928,12.695532
0.0,509,14.045652
0.0,516,15.378086
3.0,1010,18.23611
47.0,5103,46.485587
349.0,8007,93.12783
349.0,7999,139.570046
96.0,5036,168.536153
96.0,5008,197.618801
96.0,5020,226.64094
96.0,5020,255.650699
56.0,5660,288.202282
