#{"t_start": 1686220782.942862, "env_id": "BreakoutNoFrameskip-v4"}
r,l,t
5.0,1346,15.274463
5.0,1217,27.898409
0.0,519,33.059513
0.0,519,38.184031
