#{"t_start": 1686430225.11082, "env_id": "BreakoutNoFrameskip-v4"}
r,l,t
3.0,1027,4.076562
1.0,717,5.985189
0.0,511,7.35477
0.0,511,8.680711
2.0,898,11.077522
0.0,517,12.442016
1.0,649,14.165578
3.0,996,16.946035
0.0,536,18.303018
14.0,2337,30.316229
56.0,5656,63.151555
56.0,5652,96.050817
56.0,5652,128.769859
349.0,8007,175.260188
56.0,5640,207.957662
56.0,5652,240.705313
96.0,5012,269.626214
96.0,5008,298.491113
