#{"t_start": 1685629503.420869, "env_id": "BreakoutNoFrameskip-v4"}
r,l,t
2.0,834,9.731416
0.0,533,14.932858
1.0,708,22.199099
0.0,519,27.483966
2.0,821,35.985415
0.0,517,41.141432
2.0,753,48.868466
0.0,517,54.113698
0.0,543,59.396358
0.0,520,64.619433
8.0,1507,81.00955
