#{"t_start": 1686421269.795679, "env_id": "BreakoutNoFrameskip-v4"}
r,l,t
6.0,1571,8.813658
0.0,541,10.761832
0.0,567,12.891171
0.0,531,15.084343
