#{"t_start": 1686822817.085655, "env_id": "BreakoutNoFrameskip-v4"}
r,l,t
3.0,1027,3.865861
1.0,717,5.713106
0.0,511,7.034741
0.0,511,8.33176
2.0,898,10.692481
0.0,517,12.020842
1.0,649,13.728882
3.0,996,16.456218
0.0,536,17.791921
14.0,2337,30.081461
56.0,5656,64.492224
56.0,5652,99.312181
56.0,5652,133.755581
349.0,8007,182.586021
