#{"t_start": 1686430225.161691, "env_id": "BreakoutNoFrameskip-v4"}
r,l,t
0.0,507,2.527322
0.0,513,3.880924
0.0,506,5.25095
0.0,528,6.640552
0.0,531,7.979881
0.0,520,9.332866
2.0,837,11.59635
3.0,1042,14.495255
1.0,640,16.186328
1.0,691,18.040674
0.0,517,19.352027
36.0,3937,41.917472
339.0,9138,95.271573
349.0,7995,141.714619
96.0,5032,170.681674
339.0,9150,223.933596
56.0,5644,256.652023
349.0,7995,302.879969
