#{"t_start": 1685629503.470454, "env_id": "BreakoutNoFrameskip-v4"}
r,l,t
0.0,499,6.179772
0.0,521,11.448621
3.0,1006,22.180929
1.0,625,28.586458
0.0,531,33.766687
0.0,512,38.855122
0.0,519,44.015675
4.0,1224,57.012259
1.0,640,63.492235
0.0,514,68.665207
2.0,817,77.098226
