#{"t_start": 1686421269.84669, "env_id": "BreakoutNoFrameskip-v4"}
r,l,t
6.0,1419,8.196895
0.0,577,10.500513
