#{"t_start": 1686220782.993155, "env_id": "BreakoutNoFrameskip-v4"}
r,l,t
0.0,499,6.091561
0.0,521,11.188905
3.0,1006,21.716642
2.0,824,30.268288
0.0,539,35.430669
