#{"t_start": 1686822817.135181, "env_id": "BreakoutNoFrameskip-v4"}
r,l,t
0.0,507,2.367722
0.0,513,3.676798
0.0,506,4.997911
0.0,528,6.346863
0.0,531,7.649755
0.0,520,8.972917
2.0,837,11.202416
3.0,1042,14.054727
1.0,640,15.707397
1.0,691,17.532206
0.0,517,18.847448
36.0,3937,42.082795
339.0,9138,98.474116
349.0,7995,147.646055
96.0,5032,177.945825
