#{"t_start": 1686220783.043075, "env_id": "BreakoutNoFrameskip-v4"}
r,l,t
0.0,524,6.189474
0.0,529,11.268078
0.0,531,16.325259
4.0,1185,28.81162
0.0,538,33.988534
