#{"t_start": 1686430225.212327, "env_id": "BreakoutNoFrameskip-v4"}
r,l,t
0.0,509,2.440105
0.0,529,3.836567
1.0,720,5.767029
5.0,1323,9.475249
5.0,1404,13.426622
4.0,1128,16.538206
0.0,515,17.906841
11.0,2114,28.241091
339.0,9150,81.675078
339.0,9146,134.919897
56.0,5640,167.585748
349.0,7999,214.088063
349.0,8003,260.572925
339.0,9154,313.458398
