#{"t_start": 1685629503.519982, "env_id": "BreakoutNoFrameskip-v4"}
r,l,t
0.0,509,6.137175
0.0,529,11.405351
0.0,539,16.631362
2.0,898,25.978803
3.0,1022,36.747553
3.0,1026,47.583631
0.0,515,52.655617
0.0,527,57.922414
1.0,716,65.305504
0.0,528,70.530392
1.0,682,77.725888
0.0,529,83.029911
