#{"t_start": 1686421269.897351, "env_id": "BreakoutNoFrameskip-v4"}
r,l,t
4.0,1120,6.876468
1.0,701,9.657107
0.0,579,11.851522
0.0,549,13.881197
