#{"t_start": 1686822817.184821, "env_id": "BreakoutNoFrameskip-v4"}
r,l,t
0.0,509,2.283231
0.0,529,3.633271
1.0,720,5.501296
5.0,1323,9.113455
5.0,1404,12.973438
4.0,1128,16.055414
0.0,515,17.400452
11.0,2114,27.995345
339.0,9150,83.976007
339.0,9146,140.427801
56.0,5640,174.744036
