#{"t_start": 1686421269.948, "env_id": "BreakoutNoFrameskip-v4"}
r,l,t
5.0,1175,6.976257
2.0,828,10.345214
1.0,711,13.069016
