#{"t_start": 1686220783.0930948, "env_id": "BreakoutNoFrameskip-v4"}
r,l,t
0.0,531,6.147513
0.0,532,11.227394
0.0,515,16.329209
0.0,518,21.416071
0.0,540,26.645178
1.0,715,33.996357
