#{"t_start": 1685629503.5694568, "env_id": "BreakoutNoFrameskip-v4"}
r,l,t
0.0,523,6.172915
1.0,724,13.650854
0.0,515,18.846279
3.0,1092,30.543341
0.0,540,35.808035
0.0,508,40.81713
0.0,510,46.000013
1.0,706,53.257426
0.0,514,58.414061
4.0,1198,71.413532
2.0,821,79.938285
