#{"t_start": 1686822817.235129, "env_id": "BreakoutNoFrameskip-v4"}
r,l,t
0.0,523,2.275107
0.0,524,3.59131
1.0,711,5.501735
6.0,1596,9.940005
0.0,540,11.284745
2.0,915,13.816702
0.0,517,15.131658
0.0,530,16.492183
0.0,515,17.819361
176.0,6108,53.559304
349.0,8007,102.944846
339.0,9154,159.061655
96.0,5036,189.253965
