#{"t_start": 1686430225.262829, "env_id": "BreakoutNoFrameskip-v4"}
r,l,t
0.0,523,2.433821
0.0,524,3.794916
1.0,711,5.769173
6.0,1596,10.311867
0.0,540,11.681466
2.0,915,14.25402
0.0,517,15.597451
0.0,530,16.982406
0.0,515,18.325069
176.0,6108,52.795207
349.0,8007,99.429084
339.0,9154,152.606356
96.0,5036,181.668813
56.0,5660,214.346403
56.0,5656,247.09916
349.0,8007,293.336789
