#{"t_start": 1686430224.6014872, "env_id": "BreakoutNoFrameskip-v4"}
r,l,t
3.0,929,4.318709
1.0,713,6.234053
0.0,541,7.638321
1.0,698,9.534234
2.0,909,11.983074
0.0,519,13.403416
0.0,529,14.762103
0.0,541,16.112514
1.0,620,17.776432
2.0,765,19.807882
219.0,7112,60.809701
96.0,5024,90.0089
339.0,9146,143.219752
56.0,5660,175.980794
56.0,5668,208.677871
349.0,7991,255.106712
96.0,5028,284.011749
