#{"t_start": 1685629502.921765, "env_id": "BreakoutNoFrameskip-v4"}
r,l,t
1.0,710,9.029745
0.0,537,14.273526
0.0,526,19.279043
4.0,1186,32.118316
3.0,1089,43.729221
0.0,512,48.906533
0.0,521,54.099616
2.0,833,62.658036
0.0,520,67.871565
1.0,730,75.237404
