#{"t_start": 1686220782.445096, "env_id": "BreakoutNoFrameskip-v4"}
r,l,t
0.0,516,6.686294
2.0,830,15.109609
0.0,541,20.184927
3.0,1006,30.840869
