#{"t_start": 1686421269.289118, "env_id": "BreakoutNoFrameskip-v4"}
r,l,t
9.0,1872,10.634293
0.0,541,12.624177
2.0,833,15.937128
