#{"t_start": 1686822816.586297, "env_id": "BreakoutNoFrameskip-v4"}
r,l,t
3.0,929,4.105851
1.0,713,5.959455
0.0,541,7.31732
1.0,698,9.169556
2.0,909,11.58287
0.0,519,12.956427
0.0,529,14.314825
0.0,541,15.640634
1.0,620,17.272387
2.0,765,19.292645
219.0,7112,62.013149
96.0,5024,92.689048
339.0,9146,149.187343
56.0,5660,183.302406
