#{"t_start": 1686220782.4949481, "env_id": "BreakoutNoFrameskip-v4"}
r,l,t
0.0,516,6.707435
2.0,922,16.042033
4.0,1269,29.460907
1.0,627,35.915756
