#{"t_start": 1685629502.971356, "env_id": "BreakoutNoFrameskip-v4"}
r,l,t
0.0,509,6.733137
1.0,719,14.019879
0.0,521,19.077655
0.0,515,24.324415
5.0,1364,39.292403
0.0,515,44.502933
2.0,817,53.144164
0.0,516,58.407997
2.0,908,68.074117
0.0,525,73.26192
0.0,539,78.470612
