#{"t_start": 1686430224.6519759, "env_id": "BreakoutNoFrameskip-v4"}
r,l,t
1.0,700,3.608664
2.0,922,6.131826
0.0,529,7.535658
1.0,696,9.423712
3.0,934,11.99403
1.0,695,13.940058
0.0,500,15.264445
0.0,516,16.621164
4.0,1131,19.800128
312.0,7613,63.821006
96.0,5032,93.009141
339.0,9142,146.19361
339.0,9138,199.389747
339.0,9154,252.562533
96.0,5036,281.458635
96.0,5024,310.329733
