#{"t_start": 1686822816.6359491, "env_id": "BreakoutNoFrameskip-v4"}
r,l,t
1.0,700,3.418623
2.0,922,5.860227
0.0,529,7.218208
1.0,696,9.061456
3.0,934,11.593459
1.0,695,13.477216
0.0,500,14.808673
0.0,516,16.132884
4.0,1131,19.285302
312.0,7613,65.189712
96.0,5032,95.85935
339.0,9142,152.273092
