#{"t_start": 1686421269.3394911, "env_id": "BreakoutNoFrameskip-v4"}
r,l,t
10.0,1840,10.526554
5.0,1274,15.615784
