#{"t_start": 1686822816.685906, "env_id": "BreakoutNoFrameskip-v4"}
r,l,t
0.0,530,2.846967
0.0,531,4.160544
2.0,810,6.338246
2.0,790,8.46796
0.0,519,9.767553
1.0,656,11.435309
0.0,517,12.801962
0.0,519,14.117065
0.0,517,15.428308
0.0,509,16.753254
3.0,1019,19.572226
56.0,5648,53.655164
96.0,5032,84.338665
339.0,9146,140.787271
96.0,5016,171.321307
