#{"t_start": 1685629503.020902, "env_id": "BreakoutNoFrameskip-v4"}
r,l,t
1.0,714,8.939483
2.0,830,17.401769
3.0,1110,29.308581
1.0,698,36.731841
0.0,527,41.942483
1.0,714,49.10177
0.0,517,54.344113
1.0,640,60.903877
0.0,525,66.158479
0.0,517,71.387448
4.0,1134,83.515943
