#{"t_start": 1686421269.389951, "env_id": "BreakoutNoFrameskip-v4"}
r,l,t
10.0,2053,11.307166
0.0,599,13.554603
