#{"t_start": 1686430224.702709, "env_id": "BreakoutNoFrameskip-v4"}
r,l,t
0.0,530,3.017564
0.0,531,4.375783
2.0,810,6.625854
2.0,790,8.819345
0.0,519,10.142228
1.0,656,11.832962
0.0,517,13.246227
0.0,519,14.561368
0.0,517,15.895174
0.0,509,17.24991
3.0,1019,20.080623
56.0,5648,52.92787
96.0,5032,82.053716
339.0,9146,135.299072
96.0,5016,164.285757
96.0,5036,193.378114
96.0,5016,222.377114
96.0,5016,251.381756
349.0,7987,297.628591
