#{"t_start": 1686220782.544571, "env_id": "BreakoutNoFrameskip-v4"}
r,l,t
4.0,1210,14.217163
1.0,643,20.527245
0.0,507,25.512333
0.0,506,30.524132
0.0,527,35.689031
