#{"t_start": 1686220782.594346, "env_id": "BreakoutNoFrameskip-v4"}
r,l,t
0.0,519,6.617441
0.0,532,11.640809
1.0,621,17.854109
1.0,645,24.21125
2.0,767,32.038618
0.0,543,37.179418
