#{"t_start": 1685629503.071697, "env_id": "BreakoutNoFrameskip-v4"}
r,l,t
0.0,511,6.642155
0.0,516,11.627908
0.0,522,16.87224
1.0,719,24.193612
1.0,719,31.638251
0.0,528,36.713613
4.0,1156,48.814397
0.0,535,54.007136
0.0,512,59.254968
0.0,523,64.32296
0.0,507,69.534248
0.0,516,74.77406
0.0,508,79.776012
