#{"t_start": 1686421269.440636, "env_id": "BreakoutNoFrameskip-v4"}
r,l,t
7.0,1669,9.66236
0.0,533,11.573994
