#{"t_start": 1686822816.735919, "env_id": "BreakoutNoFrameskip-v4"}
r,l,t
0.0,511,2.754286
0.0,540,4.117336
5.0,1404,7.993618
3.0,1098,10.93973
0.0,531,12.288345
0.0,529,13.595227
4.0,1225,16.953185
1.0,647,18.614958
363.0,7713,64.563282
96.0,5024,95.263166
96.0,5008,125.991253
339.0,9134,181.964283
