#{"t_start": 1686430224.753, "env_id": "BreakoutNoFrameskip-v4"}
r,l,t
0.0,511,2.922749
0.0,540,4.332643
5.0,1404,8.332155
3.0,1098,11.331821
0.0,531,12.714017
0.0,529,14.061686
4.0,1225,17.453348
1.0,647,19.134209
363.0,7713,63.238902
96.0,5024,92.440871
96.0,5008,121.367774
339.0,9134,174.669656
339.0,9142,227.84287
349.0,8011,274.200781
