#{"t_start": 1686822816.786141, "env_id": "BreakoutNoFrameskip-v4"}
r,l,t
2.0,915,3.823623
4.0,1023,6.642859
1.0,700,8.512975
0.0,509,9.795687
1.0,652,11.462544
0.0,508,12.811559
0.0,535,14.150708
1.0,637,15.772835
0.0,527,17.118493
0.0,533,18.435991
61.0,4928,46.94896
339.0,9142,103.445811
339.0,9150,159.564909
