#{"t_start": 1686220782.6440651, "env_id": "BreakoutNoFrameskip-v4"}
r,l,t
9.0,1640,18.760802
1.0,699,25.953795
1.0,700,33.248596
