#{"t_start": 1686421269.49123, "env_id": "BreakoutNoFrameskip-v4"}
r,l,t
10.0,2061,11.215843
0.0,579,13.461347
