#{"t_start": 1686430224.803663, "env_id": "BreakoutNoFrameskip-v4"}
r,l,t
2.0,915,4.031417
4.0,1023,6.943411
1.0,700,8.867195
0.0,509,10.17192
1.0,652,11.862245
0.0,508,13.257283
0.0,535,14.596309
1.0,637,16.255276
0.0,527,17.620435
0.0,533,18.953247
61.0,4928,46.568684
339.0,9142,99.938195
339.0,9150,153.115795
349.0,7995,199.597021
56.0,5664,232.317264
56.0,5652,265.001163
96.0,5020,293.844233
