#{"t_start": 1685629503.1213162, "env_id": "BreakoutNoFrameskip-v4"}
r,l,t
3.0,1114,13.247173
0.0,512,18.402193
0.0,508,23.480167
0.0,515,28.695314
1.0,724,36.168838
1.0,628,42.596773
1.0,648,49.008487
0.0,533,54.252474
0.0,528,59.487208
0.0,540,64.702008
1.0,641,71.295632
1.0,710,78.573218
