#{"t_start": 1686220782.6937149, "env_id": "BreakoutNoFrameskip-v4"}
r,l,t
2.0,810,9.757569
2.0,918,19.12785
4.0,1163,31.295546
0.0,531,36.446664
