#{"t_start": 1685629503.1718569, "env_id": "BreakoutNoFrameskip-v4"}
r,l,t
0.0,510,6.551195
0.0,510,11.535695
1.0,703,18.602654
0.0,523,23.784597
3.0,931,33.479104
2.0,800,42.01918
2.0,909,51.432335
0.0,529,56.692444
0.0,508,61.930267
0.0,541,67.199831
2.0,748,74.928168
0.0,527,80.1489
