#{"t_start": 1686430224.855011, "env_id": "BreakoutNoFrameskip-v4"}
r,l,t
0.0,517,2.875251
2.0,902,5.357014
0.0,531,6.708357
1.0,643,8.419076
1.0,710,10.298608
3.0,1006,13.135033
4.0,1199,16.469456
0.0,521,17.829121
0.0,508,19.171213
312.0,7621,62.738813
339.0,9146,116.052997
96.0,5020,145.12095
56.0,5660,177.882681
339.0,9146,231.046281
96.0,5024,260.051336
339.0,9158,312.947638
