#{"t_start": 1686822816.836015, "env_id": "BreakoutNoFrameskip-v4"}
r,l,t
0.0,517,2.706536
2.0,902,5.102184
0.0,531,6.414144
1.0,643,8.078453
1.0,710,9.921397
3.0,1006,12.69216
4.0,1199,15.984033
0.0,521,17.324489
0.0,508,18.654526
312.0,7621,64.023823
339.0,9146,120.392908
96.0,5020,151.178656
56.0,5660,185.27368
