#{"t_start": 1686421269.5925949, "env_id": "BreakoutNoFrameskip-v4"}
r,l,t
6.0,1245,7.692515
2.0,836,11.150715
1.0,719,13.810316
