#{"t_start": 1686430224.9066062, "env_id": "BreakoutNoFrameskip-v4"}
r,l,t
2.0,747,3.465205
0.0,524,4.848032
3.0,955,7.483306
6.0,1582,11.968894
2.0,759,14.010996
0.0,531,15.342125
1.0,624,17.0194
1.0,731,18.96546
208.0,4777,45.822872
56.0,5648,78.62241
349.0,7995,125.200372
96.0,5028,154.209163
96.0,5024,183.269864
56.0,5648,215.941875
96.0,5028,244.992343
349.0,8011,291.24483
