#{"t_start": 1686220782.743486, "env_id": "BreakoutNoFrameskip-v4"}
r,l,t
0.0,520,6.399343
0.0,532,11.500006
2.0,939,21.046048
0.0,514,26.261593
1.0,736,33.628459
