#{"t_start": 1685629503.2215738, "env_id": "BreakoutNoFrameskip-v4"}
r,l,t
0.0,520,6.509455
1.0,724,13.986737
0.0,539,19.184317
0.0,514,24.428022
0.0,532,29.536498
1.0,644,35.928279
1.0,640,42.532086
0.0,539,47.746865
0.0,523,52.981103
11.0,1822,73.11947
1.0,637,79.636323
