#{"t_start": 1686822816.885835, "env_id": "BreakoutNoFrameskip-v4"}
r,l,t
2.0,747,3.276312
0.0,524,4.610944
3.0,955,7.161552
6.0,1582,11.566841
2.0,759,13.545938
0.0,531,14.885777
1.0,624,16.527173
1.0,731,18.44993
208.0,4777,46.191502
56.0,5648,80.791675
349.0,7995,129.986241
96.0,5028,160.746405
96.0,5024,190.923119
