#{"t_start": 1686430224.958174, "env_id": "BreakoutNoFrameskip-v4"}
r,l,t
4.0,1075,4.442172
1.0,717,6.342729
0.0,531,7.71017
2.0,819,9.897702
1.0,651,11.551979
1.0,712,13.505983
1.0,708,15.419791
0.0,514,16.760486
0.0,525,18.128212
253.0,5687,49.614385
349.0,7991,96.232287
96.0,5012,125.250975
96.0,5008,154.258447
96.0,5032,183.319391
349.0,7991,229.752241
349.0,8003,276.105541
