#{"t_start": 1686220782.7931929, "env_id": "BreakoutNoFrameskip-v4"}
r,l,t
0.0,512,6.357457
0.0,541,11.459066
3.0,967,21.272427
2.0,759,29.050508
0.0,531,34.075334
