#{"t_start": 1686421269.64312, "env_id": "BreakoutNoFrameskip-v4"}
r,l,t
7.0,1833,10.143066
4.0,1225,15.106729
