#{"t_start": 1686822816.9354281, "env_id": "BreakoutNoFrameskip-v4"}
r,l,t
4.0,1075,4.221357
1.0,717,6.063042
0.0,531,7.38498
2.0,819,9.528744
1.0,651,11.160702
1.0,712,13.054452
1.0,708,14.963141
0.0,514,16.273196
0.0,525,17.617718
253.0,5687,50.110442
349.0,7991,99.492116
96.0,5012,130.041871
96.0,5008,160.803323
96.0,5032,190.978489
