#{"t_start": 1685629503.2709792, "env_id": "BreakoutNoFrameskip-v4"}
r,l,t
1.0,631,7.837131
0.0,541,13.067401
1.0,717,20.289278
2.0,897,29.693929
0.0,539,34.917913
0.0,516,39.96153
0.0,511,45.128482
0.0,521,50.359904
1.0,637,56.771226
1.0,707,64.070548
2.0,901,73.67554
